<?xml version="1.0" encoding="UTF-8" ?>
<!DOCTYPE mapper PUBLIC "-//mybatis.org//DTD Mapper 3.0//EN"
        "http://mybatis.org/dtd/mybatis-3-mapper.dtd" >
<mapper namespace="com.sky.mapper.DishFlavorMapper">


    <insert id="insertBatch">
        insert into dish_flavor (dish_id, name,value)
        values
        <foreach collection="flavors" item="df" separator=",">
            (#{df.dishId}, #{df.name}, #{df.value})
        </foreach>
    </insert>


    <delete id="deleteByDishIds">
        delete from dish_flavor where dish_id in
        <foreach collection="dishIds" open="(" separator="," close=")" item="dishId">
                                #{dishId}
        </foreach>
    </delete>


</mapper>
